{
  "eval_failures": [
    {
      "id": "1",
      "category": "AWS",
      "is_recurring": false,
      "model": "COMPUTED_P3_PAT_ASSMT_RESULT_BTK_",
      "column": null,
      "reason": "Exception - ApplicationError : 'DVP|Processing RATE of unique BTKs in CC_CASE_STATUS_HISTORY | Error details -Application Error(ApplicationError(Error in getting comparator datapoints - java.lang.Exception: Missing numerator measure data for aggreg ates - COUNT_UNIQUEonCC_CASE_STATUS_HISTORY.COMPUTED_CC_CASE_STATUS_HISTORY_BTK.))' ",
      "failure_action": "ignored"
    },
    {
      "id": "2",
      "category": "Spark/Data",
      "is_recurring": true,
      "model": "INT_CLAIM_MEDICAL",
      "column": null,
      "reason": "Exception - ApplicationError : 'DVP|Processing RATE of unique BTKs in CC_CASE_STATUS'",
      "failure_action": null
    },
    {
      "id": "3",
      "category": "Unknown",
      "is_recurring": true,
      "model": "HEALTH_MAINTENAN CE",
      "column": "ALLOWED_AMT",
      "reason": "Exception - ApplicationError : 'DVP|Processing RATE of unique BTKs in CC_CASE_STATUS_HIS TORY | Error details -ApplicationError'",
      "failure_action": "marked for rerun"
    },
    {
      "id": "4",
      "category": "Unknown",
      "is_recurring": true,
      "model": "ZH_CC_CARE_PLAN_SUBTYPE",
      "column": "COMPUTED_HEALTH_MAINTENANCE_BTK_",
      "reason": "Exception - ApplicationError : 'DVP|Processing RATE of unique BTKs in CC_CASE_STATUS_HISTORY | Error details -Application Error(ApplicationError(Error in getting comparator datapoints - java.lang.Exception: Missing numerator measure data for aggreg ates - COUNT_UNIQUEonCC_CASE_STATUS_HISTORY.COMPUTED_CC_CASE_STATUS_HISTORY_BTK.))'",
      "failure_action": "ignored"
    },
    {
      "id": "5",
      "category": "Unknown",
      "is_recurring": true,
      "model": "INT_CLAIM_MEDICAL",
      "column": "RATEofTREATMENT_ADMINISTERED.ENCOUNTERID_GRP_MPI_linkage",
      "reason": "Exception - ApplicationError : 'DVP|Processing RATE of unique BTKs in CC_CASE_STATUS_HISTORY | Error details -Application Error(ApplicationError(Error in getting comparator datapoints - java.lang.Exception: Missing numerator measure data for aggreg ates - COUNT_UNIQUEonCC_CASE_STATUS_HISTORY.COMPUTED_CC_CASE_STATUS_HISTORY_BTK.))'",
      "failure_action": "ignored"
    },
    {
      "id": "6",
      "category": "Unknown",
      "is_recurring": true,
      "model": "INT_CLAIM_MEDICAL",
      "column": "ALLOWED_AMT",
      "reason": "Exception - ApplicationError : 'DVP|Processing RATE of unique BTKs in CC_CASE_STATUS_HISTORY | Error details -Application Error(ApplicationError(Error in getting comparator datapoints - java.lang.Exception: Missing numerator measure data for aggreg ates - COUNT_UNIQUEonCC_CASE_STATUS_HISTORY.COMPUTED_CC_CASE_STATUS_HISTORY_BTK.))'",
      "failure_action": "ignored"
    },
    {
      "id": "7",
      "category": "Unknown",
      "is_recurring": false,
      "model": "INT_CLAIM_MEDICAL",
      "column": "RATEofTREATMENT_ADMINISTERED.ENCOUNTERID_GRP_MPI_linkage",
      "reason": "Exception - ApplicationError : 'DVP|Processing RATE of unique BTKs in CC_CASE_STATUS_HISTORY | Error details -Application Error(ApplicationError(Error in getting comparator datapoints - java.lang.Exception: Missing numerator measure data for aggreg ates - COUNT_UNIQUEonCC_CASE_STATUS_HISTORY.COMPUTED_CC_CASE_STATUS_HISTORY_BTK.))'",
      "failure_action": "ignored"
    },
    {
      "id": "8",
      "category": "Unknown",
      "is_recurring": true,
      "model": "INT_CLAIM_MEDICAL",
      "column": "ALLOWED_AMT",
      "reason": "Exception - ApplicationError : 'DVP|Processing RATE of unique BTKs in CC_CASE_STATUS_HISTORY | Error details -Application Error(ApplicationError(Error in getting comparator datapoints - java.lang.Exception: Missing numerator measure data for aggreg ates - COUNT_UNIQUEonCC_CASE_STATUS_HISTORY.COMPUTED_CC_CASE_STATUS_HISTORY_BTK.))'",
      "failure_action": "ignored"
    },
    {
      "id": "9",
      "category": "Unknown",
      "is_recurring": true,
      "model": "INT_CLAIM_MEDICAL",
      "column": "ALLOWED_AMT",
      "reason": "Exception - ApplicationError : 'DVP|Processing RATE of unique BTKs in CC_CASE_STATUS_HISTORY | Error details -Application Error(ApplicationError(Error in getting comparator datapoints - java.lang.Exception: Missing numerator measure data for aggreg ates - COUNT_UNIQUEonCC_CASE_STATUS_HISTORY.COMPUTED_CC_CASE_STATUS_HISTORY_BTK.))'",
      "failure_action": "ignored"
    },
    {
      "id": "10",
      "category": "Unknown",
      "is_recurring": true,
      "model": "INT_CLAIM_MEDICAL",
      "column": "ALLOWED_AMT",
      "reason": "Exception - ApplicationError : 'DVP|Processing RATE of unique BTKs in CC_CASE_STATUS_HISTORY | Error details -Application Error(ApplicationError(Error in getting comparator datapoints - java.lang.Exception: Missing numerator measure data for aggreg ates - COUNT_UNIQUEonCC_CASE_STATUS_HISTORY.COMPUTED_CC_CASE_STATUS_HISTORY_BTK.))'",
      "failure_action": "ignored"
    },
    {
      "id": "11",
      "category": "Unknown",
      "is_recurring": true,
      "model": "INT_CLAIM_MEDICAL",
      "column": "ALLOWED_AMT",
      "reason": "Exception - ApplicationError : 'DVP|Processing RATE of unique BTKs in CC_CASE_STATUS_HISTORY | Error details -Application Error(ApplicationError(Error in getting comparator datapoints - java.lang.Exception: Missing numerator measure data for aggreg ates - COUNT_UNIQUEonCC_CASE_STATUS_HISTORY.COMPUTED_CC_CASE_STATUS_HISTORY_BTK.))'",
      "failure_action": "ignored"
    },
    {
      "id": "12",
      "category": "AWS",
      "is_recurring": true,
      "model": "COMPUTED_P3_PAT_ASSMT_RESULT_BTK_2",
      "column": null,
      "reason": "Exception - ApplicationError : 'DVP|Processing RATE of unique BTKs in CC_CASE_STATUS_HISTORY | Error details -Application Error(ApplicationError(Error in getting comparator datapoints - java.lang.Exception: Missing numerator measure data for aggreg ates - COUNT_UNIQUEonCC_CASE_STATUS_HISTORY.COMPUTED_CC_CASE_STATUS_HISTORY_BTK.))' ",
      "failure_action": "ignored"
    },
    {
      "id": "13",
      "category": "AWS",
      "is_recurring": true,
      "model": "COMPUTED_P3_PAT_ASSMT_RESULT_BTK_2",
      "column": null,
      "reason": "Exception - ApplicationError : 'DVP|Processing RATE of unique BTKs in CC_CASE_STATUS_HISTORY | Error details -Application Error(ApplicationError(Error in getting comparator datapoints - java.lang.Exception: Missing numerator measure data for aggreg ates - COUNT_UNIQUEonCC_CASE_STATUS_HISTORY.COMPUTED_CC_CASE_STATUS_HISTORY_BTK.))' ",
      "failure_action": "ignored"
    },
    {
      "id": "14",
      "category": "AWS",
      "is_recurring": true,
      "model": "COMPUTED_P3_PAT_ASSMT_RESULT_BTK_2",
      "column": null,
      "reason": "Exception - ApplicationError : 'DVP|Processing RATE of unique BTKs in CC_CASE_STATUS_HISTORY | Error details -Application Error(ApplicationError(Error in getting comparator datapoints - java.lang.Exception: Missing numerator measure data for aggreg ates - COUNT_UNIQUEonCC_CASE_STATUS_HISTORY.COMPUTED_CC_CASE_STATUS_HISTORY_BTK.))' ",
      "failure_action": "ignored"
    }
  ]
}
